Processes,Sequential (sec),Parallel (sec)
2,19.6263688802719,10.86131095886230000
4,24.1833556890488,7.04071180025737000
6,47.1475319862366,18.83759641647340000
8,31.7704610029856,5.92974758148194000
12,38.893313964208,9.73377132415771000
16,19.1572391986847,5.79862300554911000
32,19.1857340335846,6.31074174245199000