Processes,Sequential (sec),Parallel (sec)
2,20.0759896437327,11.3930092652639
4,29.3150810400645,7.96087153752645
8,44.5217356681824,6.41169889767965