processes,N,seq_time,par_time
4,1,1.1920928955078125e-06,0.00032019615173339844
4,10,2.5033950805664062e-05,0.0002200603485107422
4,100,0.00017905235290527344,0.0001690387725830078
4,1000,0.0014851093292236328,0.0005319118499755859
4,10000,0.01964879035949707,0.005437374114990234
4,100000,0.1930530071258545,0.05960798263549805
4,1000000,2.1974501609802246,0.6507799625396729
4,10000000,25.681873321533203,7.482054948806763
