Processes,Sequential (sec),Parallel (sec)
6,47.1475319862366,18.8375964164734
12,38.893313964208,9.73377132415771